State,Average Income,Year,,,,,,,,,,,,
Alabama,162531.1,2010,,,,,,,,,,,,
Alaska,35452,2010,,,,,,,,,,,,
Arizona,216873.65,2010,,,,,,,,,,,,
Arkansas,94576.05,2010,,,,,,,,,,,,
California,1614040.75,2010,,,,,,,,,,,,
Colorado,205866.125,2010,,,,,,,,,,,,
Connecticut,221058.45,2010,,,,,,,,,,,,
Delaware,36837.8,2010,,,,,,,,,,,,
District of Columbia,38324.4,2010,,,,,,,,,,,,
Florida,732457.5,2010,,,,,,,,,,,,
Georgia,338275.525,2010,,,,,,,,,,,,
Hawaii,56751.1,2010,,,,,,,,,,,,
Idaho,50432.55,2010,,,,,,,,,,,,
Illinois,543084.275,2010,,,,,,,,,,,,
Indiana,231707.2,2010,,,,,,,,,,,,
Iowa,116906,2010,,,,,,,,,,,,
Kansas,114239.825,2010,,,,,,,,,,,,
Kentucky,145301.2,2010,,,,,,,,,,,,
Louisiana,173800.825,2010,,,,,,,,,,,,
Maine,50603.65,2010,,,,,,,,,,,,
Maryland,287652.425,2010,,,,,,,,,,,,
Massachusetts,347492.15,2010,,,,,,,,,,,,
Michigan,353316.275,2010,,,,,,,,,,,,
Minnesota,226957.05,2010,,,,,,,,,,,,
Mississippi,92933.225,2010,,,,,,,,,,,,
Missouri,222563.95,2010,,,,,,,,,,,,
Montana,36060.375,2010,,,,,,,,,,,,
Nebraska,75489.575,2010,,,,,,,,,,,,
Nevada,101307.025,2010,,,,,,,,,,,,
New Hampshire,62032.225,2010,,,,,,,,,,,,
New Jersey,449927.05,2010,,,,,,,,,,,,
New Mexico,69607.25,2010,,,,,,,,,,,,
New York,947076.525,2010,,,,,,,,,,,,
North Carolina,343348.325,2010,,,,,,,,,,,,
North Dakota,29880.8,2010,,,,,,,,,,,,
Ohio,425361.8,2010,,,,,,,,,,,,
Oklahoma,140140.35,2010,,,,,,,,,,,,
Oregon,138291.575,2010,,,,,,,,,,,,
Pennsylvania,537282.2,2010,,,,,,,,,,,,
Rhode Island,45116.2,2010,,,,,,,,,,,,
South Carolina,152230.55,2010,,,,,,,,,,,,
South Dakota,33804,2010,,,,,,,,,,,,
Tennessee,227882.975,2010,,,,,,,,,,,,
Texas,985165.125,2010,,,,,,,,,,,,
Utah,89439.15,2010,,,,,,,,,,,,
Vermont,26140.05,2010,,,,,,,,,,,,
Virginia,365245.475,2010,,,,,,,,,,,,
Washington,285579.875,2010,,,,,,,,,,,,
West Virginia,60753.8,2010,,,,,,,,,,,,
Wisconsin,222982.65,2010,,,,,,,,,,,,
Wyoming,26328.775,2010,,,,,,,,,,,,
Alabama,168474.325,2011,,,,,,,,,,,,
Alaska,37981.75,2011,,,,,,,,,,,,
Arizona,227700.075,2011,,,,,,,,,,,,
Arkansas,100739.25,2011,,,,,,,,,,,,
California,1715226.975,2011,,,,,,,,,,,,
Colorado,223492.65,2011,,,,,,,,,,,,
Connecticut,226907.1,2011,,,,,,,,,,,,
Delaware,39925,2011,,,,,,,,,,,,
District of Columbia,41395,2011,,,,,,,,,,,,
Florida,771409.45,2011,,,,,,,,,,,,
Georgia,361250.575,2011,,,,,,,,,,,,
Hawaii,59288.1,2011,,,,,,,,,,,,
Idaho,53273.725,2011,,,,,,,,,,,,
Illinois,569775.55,2011,,,,,,,,,,,,
Indiana,246494,2011,,,,,,,,,,,,
Iowa,125978.2,2011,,,,,,,,,,,,
Kansas,123558.8,2011,,,,,,,,,,,,
Kentucky,152218.75,2011,,,,,,,,,,,,
Louisiana,179073.45,2011,,,,,,,,,,,,
Maine,52789.05,2011,,,,,,,,,,,,
Maryland,303517.775,2011,,,,,,,,,,,,
Massachusetts,363396.35,2011,,,,,,,,,,,,
Michigan,373861.275,2011,,,,,,,,,,,,
Minnesota,242593.225,2011,,,,,,,,,,,,
Mississippi,96918,2011,,,,,,,,,,,,
Missouri,231646.325,2011,,,,,,,,,,,,
Montana,38487.95,2011,,,,,,,,,,,,
Nebraska,84211.625,2011,,,,,,,,,,,,
Nevada,105105.375,2011,,,,,,,,,,,,
New Hampshire,64945.25,2011,,,,,,,,,,,,
New Jersey,470008.1,2011,,,,,,,,,,,,
New Mexico,72967.7,2011,,,,,,,,,,,,
New York,997755.775,2011,,,,,,,,,,,,
North Carolina,355826.625,2011,,,,,,,,,,,,
North Dakota,33666.05,2011,,,,,,,,,,,,
Ohio,453595.425,2011,,,,,,,,,,,,
Oklahoma,150709.925,2011,,,,,,,,,,,,
Oregon,145596.1,2011,,,,,,,,,,,,
Pennsylvania,564695.4,2011,,,,,,,,,,,,
Rhode Island,46793.7,2011,,,,,,,,,,,,
South Carolina,160767.35,2011,,,,,,,,,,,,
South Dakota,36842.825,2011,,,,,,,,,,,,
Tennessee,241617.625,2011,,,,,,,,,,,,
Texas,1077403.25,2011,,,,,,,,,,,,
Utah,96356.7,2011,,,,,,,,,,,,
Vermont,27690.55,2011,,,,,,,,,,,,
Virginia,385984.45,2011,,,,,,,,,,,,
Washington,302075.85,2011,,,,,,,,,,,,
West Virginia,64227.275,2011,,,,,,,,,,,,
Wisconsin,235433.775,2011,,,,,,,,,,,,
Wyoming,28786.65,2011,,,,,,,,,,,,
Alabama,173361.65,2012,,,,,,,,,,,,
Alaska,39266,2012,,,,,,,,,,,,
Arizona,237809.025,2012,,,,,,,,,,,,
Arkansas,107877.275,2012,,,,,,,,,,,,
California,1827166.85,2012,,,,,,,,,,,,
Colorado,236759.1,2012,,,,,,,,,,,,
Connecticut,231171.1,2012,,,,,,,,,,,,
Delaware,40393.3,2012,,,,,,,,,,,,
District of Columbia,43010.575,2012,,,,,,,,,,,,
Florida,800551.75,2012,,,,,,,,,,,,
Georgia,371456.775,2012,,,,,,,,,,,,
Hawaii,61557.05,2012,,,,,,,,,,,,
Idaho,56177.05,2012,,,,,,,,,,,,
Illinois,595073.55,2012,,,,,,,,,,,,
Indiana,258136.45,2012,,,,,,,,,,,,
Iowa,132158.925,2012,,,,,,,,,,,,
Kansas,130948.125,2012,,,,,,,,,,,,
Kentucky,157635.7,2012,,,,,,,,,,,,
Louisiana,188760.775,2012,,,,,,,,,,,,
Maine,53782.475,2012,,,,,,,,,,,,
Maryland,312175.75,2012,,,,,,,,,,,,
Massachusetts,379267.825,2012,,,,,,,,,,,,
Michigan,389544.15,2012,,,,,,,,,,,,
Minnesota,257164.225,2012,,,,,,,,,,,,
Mississippi,100377.2,2012,,,,,,,,,,,,
Missouri,242981.375,2012,,,,,,,,,,,,
Montana,40919.725,2012,,,,,,,,,,,,
Nebraska,86754.25,2012,,,,,,,,,,,,
Nevada,109347.4,2012,,,,,,,,,,,,
New Hampshire,67855.225,2012,,,,,,,,,,,,
New Jersey,487527.65,2012,,,,,,,,,,,,
New Mexico,74725.35,2012,,,,,,,,,,,,
New York,1049158.2,2012,,,,,,,,,,,,
North Carolina,380160.55,2012,,,,,,,,,,,,
North Dakota,39796.225,2012,,,,,,,,,,,,
Ohio,471703.85,2012,,,,,,,,,,,,
Oklahoma,161128.375,2012,,,,,,,,,,,,
Oregon,153547.95,2012,,,,,,,,,,,,
Pennsylvania,587665.975,2012,,,,,,,,,,,,
Rhode Island,48501.725,2012,,,,,,,,,,,,
South Carolina,169185.15,2012,,,,,,,,,,,,
South Dakota,37844.2,2012,,,,,,,,,,,,
Tennessee,254470.65,2012,,,,,,,,,,,,
Texas,1152725.225,2012,,,,,,,,,,,,
Utah,102990.775,2012,,,,,,,,,,,,
Vermont,28554.4,2012,,,,,,,,,,,,
Virginia,404179.725,2012,,,,,,,,,,,,
Washington,326698.85,2012,,,,,,,,,,,,
West Virginia,65898.525,2012,,,,,,,,,,,,
Wisconsin,246242.25,2012,,,,,,,,,,,,
Wyoming,31199.65,2012,,,,,,,,,,,,
Alabama,175185.275,2013,,,,,,,,,,,,
Alaska,38978.025,2013,,,,,,,,,,,,
Arizona,243752.325,2013,,,,,,,,,,,,
Arkansas,108367.775,2013,,,,,,,,,,,,
California,1857200.85,2013,,,,,,,,,,,,
Colorado,249512.675,2013,,,,,,,,,,,,
Connecticut,226175.85,2013,,,,,,,,,,,,
Delaware,41100.325,2013,,,,,,,,,,,,
District of Columbia,43697.325,2013,,,,,,,,,,,,
Florida,802975.725,2013,,,,,,,,,,,,
Georgia,377202.225,2013,,,,,,,,,,,,
Hawaii,62521.25,2013,,,,,,,,,,,,
Idaho,58403.725,2013,,,,,,,,,,,,
Illinois,609778.575,2013,,,,,,,,,,,,
Indiana,261702.3,2013,,,,,,,,,,,,
Iowa,134757.825,2013,,,,,,,,,,,,
Kansas,133979.9,2013,,,,,,,,,,,,
Kentucky,159224.775,2013,,,,,,,,,,,,
Louisiana,191497.275,2013,,,,,,,,,,,,
Maine,53742,2013,,,,,,,,,,,,
Maryland,311524.025,2013,,,,,,,,,,,,
Massachusetts,382611.075,2013,,,,,,,,,,,,
Michigan,393576.75,2013,,,,,,,,,,,,
Minnesota,259781.775,2013,,,,,,,,,,,,
Mississippi,102317.375,2013,,,,,,,,,,,,
Missouri,245199.95,2013,,,,,,,,,,,,
Montana,41322.475,2013,,,,,,,,,,,,
Nebraska,87398.7,2013,,,,,,,,,,,,
Nevada,109870.525,2013,,,,,,,,,,,,
New Hampshire,67703.7,2013,,,,,,,,,,,,
New Jersey,492488.225,2013,,,,,,,,,,,,
New Mexico,73561.775,2013,,,,,,,,,,,,
New York,1062135.425,2013,,,,,,,,,,,,
North Carolina,376392.4,2013,,,,,,,,,,,,
North Dakota,39933.55,2013,,,,,,,,,,,,
Ohio,479088.725,2013,,,,,,,,,,,,
Oklahoma,169382.625,2013,,,,,,,,,,,,
Oregon,156130.025,2013,,,,,,,,,,,,
Pennsylvania,593682.1,2013,,,,,,,,,,,,
Rhode Island,48544.725,2013,,,,,,,,,,,,
South Carolina,171617.225,2013,,,,,,,,,,,,
South Dakota,38365.9,2013,,,,,,,,,,,,
Tennessee,256753.85,2013,,,,,,,,,,,,
Texas,1184840.5,2013,,,,,,,,,,,,
Utah,106176.2,2013,,,,,,,,,,,,
Vermont,28964.35,2013,,,,,,,,,,,,
Virginia,401684.3,2013,,,,,,,,,,,,
Washington,333763.675,2013,,,,,,,,,,,,
West Virginia,65572.775,2013,,,,,,,,,,,,
Wisconsin,247847.35,2013,,,,,,,,,,,,
Wyoming,31240.075,2013,,,,,,,,,,,,
Alabama,181078.75,2014,,,,,,,,,,,,
Alaska,41209.975,2014,,,,,,,,,,,,
Arizona,257272.3,2014,,,,,,,,,,,,
Arkansas,114743.325,2014,,,,,,,,,,,,
California,1980736.85,2014,,,,,,,,,,,,
Colorado,271410.15,2014,,,,,,,,,,,,
Connecticut,236756.575,2014,,,,,,,,,,,,
Delaware,43031.625,2014,,,,,,,,,,,,
District of Columbia,46780.25,2014,,,,,,,,,,,,
Florida,861412.35,2014,,,,,,,,,,,,
Georgia,402790.925,2014,,,,,,,,,,,,
Hawaii,66036.675,2014,,,,,,,,,,,,
Idaho,61801.375,2014,,,,,,,,,,,,
Illinois,638639.975,2014,,,,,,,,,,,,
Indiana,272244.95,2014,,,,,,,,,,,,
Iowa,139531.3,2014,,,,,,,,,,,,
Kansas,136878.725,2014,,,,,,,,,,,,
Kentucky,166717.075,2014,,,,,,,,,,,,
Louisiana,200293.925,2014,,,,,,,,,,,,
Maine,55863.575,2014,,,,,,,,,,,,
Maryland,322438.175,2014,,,,,,,,,,,,
Massachusetts,401832.5,2014,,,,,,,,,,,,
Michigan,411019.825,2014,,,,,,,,,,,,
Minnesota,273487.975,2014,,,,,,,,,,,,
Mississippi,104255.475,2014,,,,,,,,,,,,
Missouri,254317.45,2014,,,,,,,,,,,,
Montana,43555.75,2014,,,,,,,,,,,,
Nebraska,92524.05,2014,,,,,,,,,,,,
Nevada,117372.225,2014,,,,,,,,,,,,
New Hampshire,70501.225,2014,,,,,,,,,,,,
New Jersey,515515.075,2014,,,,,,,,,,,,
New Mexico,77975.075,2014,,,,,,,,,,,,
New York,1105907.825,2014,,,,,,,,,,,,
North Carolina,398099.525,2014,,,,,,,,,,,,
North Dakota,42819.625,2014,,,,,,,,,,,,
Ohio,498894.55,2014,,,,,,,,,,,,
Oklahoma,180468.975,2014,,,,,,,,,,,,
Oregon,167077.325,2014,,,,,,,,,,,,
Pennsylvania,619079.375,2014,,,,,,,,,,,,
Rhode Island,50646.175,2014,,,,,,,,,,,,
South Carolina,182832.65,2014,,,,,,,,,,,,
South Dakota,40252.225,2014,,,,,,,,,,,,
Tennessee,267288.75,2014,,,,,,,,,,,,
Texas,1274636.85,2014,,,,,,,,,,,,
Utah,112620.175,2014,,,,,,,,,,,,
Vermont,30195.925,2014,,,,,,,,,,,,
Virginia,419329.6,2014,,,,,,,,,,,,
Washington,359690.65,2014,,,,,,,,,,,,
West Virginia,67764.375,2014,,,,,,,,,,,,
Wisconsin,258347.75,2014,,,,,,,,,,,,
Wyoming,33549.35,2014,,,,,,,,,,,,
Alabama,189115.475,2015,,,,,,,,,,,,
Alaska,42555.1,2015,,,,,,,,,,,,
Arizona,270815.525,2015,,,,,,,,,,,,
Arkansas,118719.5,2015,,,,,,,,,,,,
California,2125430.325,2015,,,,,,,,,,,,
Colorado,284836.825,2015,,,,,,,,,,,,
Connecticut,243164.6,2015,,,,,,,,,,,,
Delaware,45216.125,2015,,,,,,,,,,,,
District of Columbia,50337.275,2015,,,,,,,,,,,,
Florida,919834.875,2015,,,,,,,,,,,,
Georgia,427437.425,2015,,,,,,,,,,,,
Hawaii,69109.05,2015,,,,,,,,,,,,
Idaho,65475.65,2015,,,,,,,,,,,,
Illinois,666943.675,2015,,,,,,,,,,,,
Indiana,282821.35,2015,,,,,,,,,,,,
Iowa,144587.65,2015,,,,,,,,,,,,
Kansas,138336.75,2015,,,,,,,,,,,,
Kentucky,174331.2,2015,,,,,,,,,,,,
Louisiana,201363.475,2015,,,,,,,,,,,,
Maine,58331.3,2015,,,,,,,,,,,,
Maryland,337702.775,2015,,,,,,,,,,,,
Massachusetts,428228.925,2015,,,,,,,,,,,,
Michigan,433688.6,2015,,,,,,,,,,,,
Minnesota,286422.925,2015,,,,,,,,,,,,
Mississippi,106064,2015,,,,,,,,,,,,
Missouri,263271.425,2015,,,,,,,,,,,,
Montana,45453.525,2015,,,,,,,,,,,,
Nebraska,96282.15,2015,,,,,,,,,,,,
Nevada,127116.975,2015,,,,,,,,,,,,
New Hampshire,73474.55,2015,,,,,,,,,,,,
New Jersey,537105.875,2015,,,,,,,,,,,,
New Mexico,79864.3,2015,,,,,,,,,,,,
New York,1154722.85,2015,,,,,,,,,,,,
North Carolina,419334.275,2015,,,,,,,,,,,,
North Dakota,41178.925,2015,,,,,,,,,,,,
Ohio,518826.75,2015,,,,,,,,,,,,
Oklahoma,175133.975,2015,,,,,,,,,,,,
Oregon,179600.2,2015,,,,,,,,,,,,
Pennsylvania,643988.075,2015,,,,,,,,,,,,
Rhode Island,52447.575,2015,,,,,,,,,,,,
South Carolina,194364.1,2015,,,,,,,,,,,,
South Dakota,41912.65,2015,,,,,,,,,,,,
Tennessee,281281.125,2015,,,,,,,,,,,,
Texas,1300510.1,2015,,,,,,,,,,,,
Utah,121339.175,2015,,,,,,,,,,,,
Vermont,31079,2015,,,,,,,,,,,,
Virginia,438272.75,2015,,,,,,,,,,,,
Washington,381158.075,2015,,,,,,,,,,,,
West Virginia,69178.575,2015,,,,,,,,,,,,
Wisconsin,269703.875,2015,,,,,,,,,,,,
Wyoming,33761.75,2015,,,,,,,,,,,,
Alabama,192363.45,2016,,,,,,,,,,,,
Alaska,41837.4,2016,,,,,,,,,,,,
Arizona,282085.15,2016,,,,,,,,,,,,
Arkansas,121825.925,2016,,,,,,,,,,,,
California,2218457.775,2016,,,,,,,,,,,,
Colorado,289672.95,2016,,,,,,,,,,,,
Connecticut,247777.375,2016,,,,,,,,,,,,
Delaware,46444.8,2016,,,,,,,,,,,,
District of Columbia,52684.45,2016,,,,,,,,,,,,
Florida,954069.7,2016,,,,,,,,,,,,
Georgia,444023.675,2016,,,,,,,,,,,,
Hawaii,71571.65,2016,,,,,,,,,,,,
Idaho,68009.35,2016,,,,,,,,,,,,
Illinois,673690.975,2016,,,,,,,,,,,,
Indiana,290604.375,2016,,,,,,,,,,,,
Iowa,145790.025,2016,,,,,,,,,,,,
Kansas,138533.875,2016,,,,,,,,,,,,
Kentucky,177190.625,2016,,,,,,,,,,,,
Louisiana,200190.625,2016,,,,,,,,,,,,
Maine,59959.25,2016,,,,,,,,,,,,
Maryland,350384.375,2016,,,,,,,,,,,,
Massachusetts,444184.125,2016,,,,,,,,,,,,
Michigan,446030.225,2016,,,,,,,,,,,,
Minnesota,292234.9,2016,,,,,,,,,,,,
Mississippi,107499.45,2016,,,,,,,,,,,,
Missouri,270603.55,2016,,,,,,,,,,,,
Montana,46074.15,2016,,,,,,,,,,,,
Nebraska,94838.025,2016,,,,,,,,,,,,
Nevada,132058.35,2016,,,,,,,,,,,,
New Hampshire,76092.325,2016,,,,,,,,,,,,
New Jersey,552051.4,2016,,,,,,,,,,,,
New Mexico,81414.1,2016,,,,,,,,,,,,
New York,1194534.625,2016,,,,,,,,,,,,
North Carolina,432626.2,2016,,,,,,,,,,,,
North Dakota,39765.825,2016,,,,,,,,,,,,
Ohio,529069.65,2016,,,,,,,,,,,,
Oklahoma,166547.725,2016,,,,,,,,,,,,
Oregon,188283.325,2016,,,,,,,,,,,,
Pennsylvania,661160.075,2016,,,,,,,,,,,,
Rhode Island,53229.675,2016,,,,,,,,,,,,
South Carolina,202215.375,2016,,,,,,,,,,,,
South Dakota,42336.8,2016,,,,,,,,,,,,
Tennessee,290239.85,2016,,,,,,,,,,,,
Texas,1296480.775,2016,,,,,,,,,,,,
Utah,127881.425,2016,,,,,,,,,,,,
Vermont,31575.65,2016,,,,,,,,,,,,
Virginia,449830.125,2016,,,,,,,,,,,,
Washington,401774.275,2016,,,,,,,,,,,,
West Virginia,68630.1,2016,,,,,,,,,,,,
Wisconsin,274374.65,2016,,,,,,,,,,,,
Wyoming,31908.55,2016,,,,,,,,,,,,
Alabama,199191.775,2017,,,,,,,,,,,,
Alaska,42431.375,2017,,,,,,,,,,,,
Arizona,299249.15,2017,,,,,,,,,,,,
Arkansas,125285.925,2017,,,,,,,,,,,,
California,2318280.9,2017,,,,,,,,,,,,
Colorado,309417.325,2017,,,,,,,,,,,,
Connecticut,252571.3,2017,,,,,,,,,,,,
Delaware,48476.2,2017,,,,,,,,,,,,
District of Columbia,54464.825,2017,,,,,,,,,,,,
Florida,1023855.35,2017,,,,,,,,,,,,
Georgia,469213.5,2017,,,,,,,,,,,,
Hawaii,74542.8,2017,,,,,,,,,,,,
Idaho,71888.425,2017,,,,,,,,,,,,
Illinois,692895.85,2017,,,,,,,,,,,,
Indiana,300964.625,2017,,,,,,,,,,,,
Iowa,149420.3,2017,,,,,,,,,,,,
Kansas,142421.6,2017,,,,,,,,,,,,
Kentucky,182391.55,2017,,,,,,,,,,,,
Louisiana,206121.5,2017,,,,,,,,,,,,
Maine,62372.125,2017,,,,,,,,,,,,
Maryland,361606.225,2017,,,,,,,,,,,,
Massachusetts,463980.9,2017,,,,,,,,,,,,
Michigan,459437.95,2017,,,,,,,,,,,,
Minnesota,304179.55,2017,,,,,,,,,,,,
Mississippi,110093.025,2017,,,,,,,,,,,,
Missouri,276573.925,2017,,,,,,,,,,,,
Montana,48704.8,2017,,,,,,,,,,,,
Nebraska,96996.225,2017,,,,,,,,,,,,
Nevada,140347.475,2017,,,,,,,,,,,,
New Hampshire,79312.475,2017,,,,,,,,,,,,
New Jersey,573105.525,2017,,,,,,,,,,,,
New Mexico,82903.6,2017,,,,,,,,,,,,
New York,1270251.55,2017,,,,,,,,,,,,
North Carolina,453729.175,2017,,,,,,,,,,,,
North Dakota,40266.3,2017,,,,,,,,,,,,
Ohio,547516.625,2017,,,,,,,,,,,,
Oklahoma,174159.6,2017,,,,,,,,,,,,
Oregon,198957.525,2017,,,,,,,,,,,,
Pennsylvania,678604.55,2017,,,,,,,,,,,,
Rhode Island,55310.675,2017,,,,,,,,,,,,
South Carolina,212325.25,2017,,,,,,,,,,,,
South Dakota,43599.025,2017,,,,,,,,,,,,
Tennessee,302461.65,2017,,,,,,,,,,,,
Texas,1387922.55,2017,,,,,,,,,,,,
Utah,135162.175,2017,,,,,,,,,,,,
Vermont,32445.475,2017,,,,,,,,,,,,
Virginia,466610.75,2017,,,,,,,,,,,,
Washington,426442.65,2017,,,,,,,,,,,,
West Virginia,71344.525,2017,,,,,,,,,,,,
Wisconsin,284576.475,2017,,,,,,,,,,,,
Wyoming,32952.325,2017,,,,,,,,,,,,
Alabama,206712.025,2018,,,,,,,,,,,,
Alaska,43981.15,2018,,,,,,,,,,,,
Arizona,316896.3,2018,,,,,,,,,,,,
Arkansas,130033.325,2018,,,,,,,,,,,,
California,2431773.85,2018,,,,,,,,,,,,
Colorado,331850.95,2018,,,,,,,,,,,,
Connecticut,263357.55,2018,,,,,,,,,,,,
Delaware,51191.25,2018,,,,,,,,,,,,
District of Columbia,56707.525,2018,,,,,,,,,,,,
Florida,1088794.65,2018,,,,,,,,,,,,
Georgia,493507.35,2018,,,,,,,,,,,,
Hawaii,76168.3,2018,,,,,,,,,,,,
Idaho,76435.15,2018,,,,,,,,,,,,
Illinois,728667,2018,,,,,,,,,,,,
Indiana,315740.425,2018,,,,,,,,,,,,
Iowa,155916.35,2018,,,,,,,,,,,,
Kansas,148523.175,2018,,,,,,,,,,,,
Kentucky,188348.35,2018,,,,,,,,,,,,
Louisiana,215086.45,2018,,,,,,,,,,,,
Maine,65015.1,2018,,,,,,,,,,,,
Maryland,371870.275,2018,,,,,,,,,,,,
Massachusetts,487436.525,2018,,,,,,,,,,,,
Michigan,477925.425,2018,,,,,,,,,,,,
Minnesota,319452.625,2018,,,,,,,,,,,,
Mississippi,112738.975,2018,,,,,,,,,,,,
Missouri,288564.85,2018,,,,,,,,,,,,
Montana,50780.05,2018,,,,,,,,,,,,
Nebraska,100995.05,2018,,,,,,,,,,,,
Nevada,149611.85,2018,,,,,,,,,,,,
New Hampshire,83026.05,2018,,,,,,,,,,,,
New Jersey,598428.675,2018,,,,,,,,,,,,
New Mexico,86685.575,2018,,,,,,,,,,,,
New York,1311427.475,2018,,,,,,,,,,,,
North Carolina,476308.7,2018,,,,,,,,,,,,
North Dakota,42733.075,2018,,,,,,,,,,,,
Ohio,568458.4,2018,,,,,,,,,,,,
Oklahoma,182341.175,2018,,,,,,,,,,,,
Oregon,211541.625,2018,,,,,,,,,,,,
Pennsylvania,714331.525,2018,,,,,,,,,,,,
Rhode Island,57490.45,2018,,,,,,,,,,,,
South Carolina,221707.2,2018,,,,,,,,,,,,
South Dakota,45660.875,2018,,,,,,,,,,,,
Tennessee,319022.25,2018,,,,,,,,,,,,
Texas,1482714.15,2018,,,,,,,,,,,,
Utah,145255.775,2018,,,,,,,,,,,,
Vermont,33576.975,2018,,,,,,,,,,,,
Virginia,483922.075,2018,,,,,,,,,,,,
Washington,454583.525,2018,,,,,,,,,,,,
West Virginia,74740.05,2018,,,,,,,,,,,,
Wisconsin,298256.875,2018,,,,,,,,,,,,
Wyoming,34759.575,2018,,,,,,,,,,,,
Alabama,216587.525,2019,,,,,,,,,,,,
Alaska,45056.775,2019,,,,,,,,,,,,
Arizona,340259.8,2019,,,,,,,,,,,,
Arkansas,133161.35,2019,,,,,,,,,,,,
California,2567425.625,2019,,,,,,,,,,,,
Colorado,356341.35,2019,,,,,,,,,,,,
Connecticut,272459.425,2019,,,,,,,,,,,,
Delaware,53202.5,2019,,,,,,,,,,,,
District of Columbia,58203.225,2019,,,,,,,,,,,,
Florida,1165093.075,2019,,,,,,,,,,,,
Georgia,522393,2019,,,,,,,,,,,,
Hawaii,79699.725,2019,,,,,,,,,,,,
Idaho,83031.525,2019,,,,,,,,,,,,
Illinois,750935.625,2019,,,,,,,,,,,,
Indiana,329625.05,2019,,,,,,,,,,,,
Iowa,160360.675,2019,,,,,,,,,,,,
Kansas,155125.9,2019,,,,,,,,,,,,
Kentucky,197356.05,2019,,,,,,,,,,,,
Louisiana,222349.1,2019,,,,,,,,,,,,
Maine,68862.975,2019,,,,,,,,,,,,
Maryland,384074.275,2019,,,,,,,,,,,,
Massachusetts,513710.425,2019,,,,,,,,,,,,
Michigan,495268.6,2019,,,,,,,,,,,,
Minnesota,332915.95,2019,,,,,,,,,,,,
Mississippi,117112.825,2019,,,,,,,,,,,,
Missouri,301030.75,2019,,,,,,,,,,,,
Montana,54083.525,2019,,,,,,,,,,,,
Nebraska,105922.225,2019,,,,,,,,,,,,
Nevada,161433.575,2019,,,,,,,,,,,,
New Hampshire,88822.825,2019,,,,,,,,,,,,
New Jersey,633651.025,2019,,,,,,,,,,,,
New Mexico,91853.625,2019,,,,,,,,,,,,
New York,1362298.575,2019,,,,,,,,,,,,
North Carolina,505470.175,2019,,,,,,,,,,,,
North Dakota,44346.9,2019,,,,,,,,,,,,
Ohio,589835.8,2019,,,,,,,,,,,,
Oklahoma,191851.575,2019,,,,,,,,,,,,
Oregon,222256.975,2019,,,,,,,,,,,,
Pennsylvania,739891.825,2019,,,,,,,,,,,,
Rhode Island,61107.15,2019,,,,,,,,,,,,
South Carolina,237024.5,2019,,,,,,,,,,,,
South Dakota,48797.05,2019,,,,,,,,,,,,
Tennessee,338609.2,2019,,,,,,,,,,,,
Texas,1560503.55,2019,,,,,,,,,,,,
Utah,157045.2,2019,,,,,,,,,,,,
Vermont,35584.525,2019,,,,,,,,,,,,
Virginia,507874.15,2019,,,,,,,,,,,,
Washington,490322.15,2019,,,,,,,,,,,,
West Virginia,77329.85,2019,,,,,,,,,,,,
Wisconsin,311019.05,2019,,,,,,,,,,,,
Wyoming,36889.025,2019,,,,,,,,,,,,
Alabama,232040.3,2020,,,,,,,,,,,,
Alaska,45965.05,2020,,,,,,,,,,,,
Arizona,375601.3,2020,,,,,,,,,,,,
Arkansas,142038.45,2020,,,,,,,,,,,,
California,2790523.45,2020,,,,,,,,,,,,
Colorado,378051.375,2020,,,,,,,,,,,,
Connecticut,282486.05,2020,,,,,,,,,,,,
Delaware,55866.75,2020,,,,,,,,,,,,
District of Columbia,61925.5,2020,,,,,,,,,,,,
Florida,1235793.4,2020,,,,,,,,,,,,
Georgia,557601.225,2020,,,,,,,,,,,,
Hawaii,83109.55,2020,,,,,,,,,,,,
Idaho,91448.425,2020,,,,,,,,,,,,
Illinois,794459.5,2020,,,,,,,,,,,,
Indiana,354337.725,2020,,,,,,,,,,,,
Iowa,169994.225,2020,,,,,,,,,,,,
Kansas,164333.6,2020,,,,,,,,,,,,
Kentucky,214052.475,2020,,,,,,,,,,,,
Louisiana,236324.225,2020,,,,,,,,,,,,
Maine,74805.9,2020,,,,,,,,,,,,
Maryland,405454.625,2020,,,,,,,,,,,,
Massachusetts,550459.525,2020,,,,,,,,,,,,
Michigan,537493.475,2020,,,,,,,,,,,,
Minnesota,355211.175,2020,,,,,,,,,,,,
Mississippi,126306.85,2020,,,,,,,,,,,,
Missouri,320698.25,2020,,,,,,,,,,,,
Montana,58769.65,2020,,,,,,,,,,,,
Nebraska,112629.65,2020,,,,,,,,,,,,
Nevada,172538.475,2020,,,,,,,,,,,,
New Hampshire,94440.8,2020,,,,,,,,,,,,
New Jersey,663544.075,2020,,,,,,,,,,,,
New Mexico,99018.025,2020,,,,,,,,,,,,
New York,1442624.65,2020,,,,,,,,,,,,
North Carolina,542726.45,2020,,,,,,,,,,,,
North Dakota,47410.75,2020,,,,,,,,,,,,
Ohio,631330.675,2020,,,,,,,,,,,,
Oklahoma,200152.9,2020,,,,,,,,,,,,
Oregon,241790.325,2020,,,,,,,,,,,,
Pennsylvania,788281.45,2020,,,,,,,,,,,,
Rhode Island,65709.025,2020,,,,,,,,,,,,
South Carolina,251946.15,2020,,,,,,,,,,,,
South Dakota,53621.5,2020,,,,,,,,,,,,
Tennessee,362278.175,2020,,,,,,,,,,,,
Texas,1624525.775,2020,,,,,,,,,,,,
Utah,171385.425,2020,,,,,,,,,,,,
Vermont,38097.675,2020,,,,,,,,,,,,
Virginia,536817.2,2020,,,,,,,,,,,,
Washington,527581.825,2020,,,,,,,,,,,,
West Virginia,80971.175,2020,,,,,,,,,,,,
Wisconsin,329622.825,2020,,,,,,,,,,,,
Wyoming,37973.975,2020,,,,,,,,,,,,
Alabama,250828.8,2021,,,,,,,,,,,,
Alaska,48219.25,2021,,,,,,,,,,,,
Arizona,403739.325,2021,,,,,,,,,,,,
Arkansas,153185.775,2021,,,,,,,,,,,,
California,3006183.925,2021,,,,,,,,,,,,
Colorado,410948.225,2021,,,,,,,,,,,,
Connecticut,300323.475,2021,,,,,,,,,,,,
Delaware,60133.625,2021,,,,,,,,,,,,
District of Columbia,64644.675,2021,,,,,,,,,,,,
Florida,1356318.6,2021,,,,,,,,,,,,
Georgia,602464.075,2021,,,,,,,,,,,,
Hawaii,87857.65,2021,,,,,,,,,,,,
Idaho,99549.575,2021,,,,,,,,,,,,
Illinois,852082.075,2021,,,,,,,,,,,,
Indiana,384520.025,2021,,,,,,,,,,,,
Iowa,182524.525,2021,,,,,,,,,,,,
Kansas,172918.325,2021,,,,,,,,,,,,
Kentucky,231179.75,2021,,,,,,,,,,,,
Louisiana,250700.725,2021,,,,,,,,,,,,
Maine,80254.425,2021,,,,,,,,,,,,
Maryland,430429.325,2021,,,,,,,,,,,,
Massachusetts,584291.075,2021,,,,,,,,,,,,
Michigan,567807.1,2021,,,,,,,,,,,,
Minnesota,378284.65,2021,,,,,,,,,,,,
Mississippi,135347.375,2021,,,,,,,,,,,,
Missouri,341253.925,2021,,,,,,,,,,,,
Montana,62886.7,2021,,,,,,,,,,,,
Nebraska,120188.475,2021,,,,,,,,,,,,
Nevada,189308.25,2021,,,,,,,,,,,,
New Hampshire,101674.475,2021,,,,,,,,,,,,
New Jersey,713720.6,2021,,,,,,,,,,,,
New Mexico,106451.175,2021,,,,,,,,,,,,
New York,1524128.55,2021,,,,,,,,,,,,
North Carolina,592695.025,2021,,,,,,,,,,,,
North Dakota,50002.85,2021,,,,,,,,,,,,
Ohio,670035.55,2021,,,,,,,,,,,,
Oklahoma,214760.675,2021,,,,,,,,,,,,
Oregon,261546.5,2021,,,,,,,,,,,,
Pennsylvania,833314.475,2021,,,,,,,,,,,,
Rhode Island,70531.475,2021,,,,,,,,,,,,
South Carolina,272339.55,2021,,,,,,,,,,,,
South Dakota,57717.75,2021,,,,,,,,,,,,
Tennessee,394520.35,2021,,,,,,,,,,,,
Texas,1767681.7,2021,,,,,,,,,,,,
Utah,186990.55,2021,,,,,,,,,,,,
Vermont,39949.4,2021,,,,,,,,,,,,
Virginia,573027.9,2021,,,,,,,,,,,,
Washington,570920.825,2021,,,,,,,,,,,,
West Virginia,86451.775,2021,,,,,,,,,,,,
Wisconsin,351551.3,2021,,,,,,,,,,,,
Wyoming,40322.825,2021,,,,,,,,,,,,
Alabama,256949.425,2022,,,,,,,,,,,,
Alaska,50557.8,2022,,,,,,,,,,,,
Arizona,417020.85,2022,,,,,,,,,,,,
Arkansas,157724.925,2022,,,,,,,,,,,,
California,3018471.15,2022,,,,,,,,,,,,
Colorado,433128.45,2022,,,,,,,,,,,,
Connecticut,308126.35,2022,,,,,,,,,,,,
Delaware,62515.9,2022,,,,,,,,,,,,
District of Columbia,64982.3,2022,,,,,,,,,,,,
Florida,1414698.375,2022,,,,,,,,,,,,
Georgia,623447.025,2022,,,,,,,,,,,,
Hawaii,88103.625,2022,,,,,,,,,,,,
Idaho,105748.45,2022,,,,,,,,,,,,
Illinois,865923.3,2022,,,,,,,,,,,,
Indiana,395838.675,2022,,,,,,,,,,,,
Iowa,188525.675,2022,,,,,,,,,,,,
Kansas,176675.65,2022,,,,,,,,,,,,
Kentucky,235132,2022,,,,,,,,,,,,
Louisiana,250727.75,2022,,,,,,,,,,,,
Maine,82376.975,2022,,,,,,,,,,,,
Maryland,436027.9,2022,,,,,,,,,,,,
Massachusetts,593082.8,2022,,,,,,,,,,,,
Michigan,570065.125,2022,,,,,,,,,,,,
Minnesota,388828.225,2022,,,,,,,,,,,,
Mississippi,135972.275,2022,,,,,,,,,,,,
Missouri,349369.475,2022,,,,,,,,,,,,
Montana,64811.075,2022,,,,,,,,,,,,
Nebraska,124611.1,2022,,,,,,,,,,,,
Nevada,194740.925,2022,,,,,,,,,,,,
New Hampshire,104172.65,2022,,,,,,,,,,,,
New Jersey,728900.175,2022,,,,,,,,,,,,
New Mexico,108836.325,2022,,,,,,,,,,,,
New York,1536576.775,2022,,,,,,,,,,,,
North Carolina,614297.175,2022,,,,,,,,,,,,
North Dakota,51574.5,2022,,,,,,,,,,,,
Ohio,680435.425,2022,,,,,,,,,,,,
Oklahoma,221080.6,2022,,,,,,,,,,,,
Oregon,266139.15,2022,,,,,,,,,,,,
Pennsylvania,845346.75,2022,,,,,,,,,,,,
Rhode Island,71504.85,2022,,,,,,,,,,,,
South Carolina,281668.125,2022,,,,,,,,,,,,
South Dakota,59871.6,2022,,,,,,,,,,,,
Tennessee,410944.825,2022,,,,,,,,,,,,
Texas,1861395.875,2022,,,,,,,,,,,,
Utah,195834.2,2022,,,,,,,,,,,,
Vermont,40898.425,2022,,,,,,,,,,,,
Virginia,592315.125,2022,,,,,,,,,,,,
Washington,589368.075,2022,,,,,,,,,,,,
West Virginia,87282,2022,,,,,,,,,,,,
Wisconsin,360684.125,2022,,,,,,,,,,,,
Wyoming,41476.7,2022,,,,,,,,,,,,